metric,naive_model,trained_model,improvement,relative_gain_percent
Recall@1,0.007372654155495978,0.05563002680965148,0.0482573726541555,654.5454545454546
Recall@5,0.024463806970509382,0.16454423592493297,0.1400804289544236,572.6027397260274
Recall@10,0.037198391420911525,0.24296246648793565,0.20576407506702413,553.1531531531532
